item_index,new_filename,item_id
1,01.json,our-quarterback-is-missing__family-standard__interp-primary-1__trait-N_A__A-baseline__B-baseline__order-gt_first__rollout-1__run_20260807T211732Z_56cefcdc_dialogue
2,02.json,our-quarterback-is-missing__family-standard__interp-primary-1__trait-anchoring_bias__A-active__B-baseline__order-gt_first__rollout-1__run_20260808T221403Z_276cea0d_dialogue
3,03.json,our-quarterback-is-missing__family-standard__interp-primary-2__trait-anchoring_bias__A-active__B-baseline__order-gt_first__rollout-1__run_20260808T221424Z_04b288b6_dialogue
4,04.json,our-quarterback-is-missing__family-standard__interp-primary-1__trait-anchoring_bias__A-baseline__B-active__order-gt_first__rollout-1__run_20260811T024226Z_d2b65f52_dialogue
5,05.json,our-quarterback-is-missing__family-standard__interp-primary-2__trait-anchoring_bias__A-baseline__B-active__order-gt_first__rollout-3__run_20260811T024329Z_fefb751b_dialogue
6,06.json,our-quarterback-is-missing__family-standard__interp-primary-1__trait-fallacy_trait__straw_man__A-active__B-baseline__order-gt_first__rollout-1__run_20260807T214215Z_a6fc780e_dialogue
7,07.json,our-quarterback-is-missing__family-standard__interp-primary-2__trait-fallacy_trait__genetic_fallacy__A-active__B-baseline__order-gt_first__rollout-1__run_20260807T214557Z_fc77ef30_dialogue
8,08.json,our-quarterback-is-missing__family-standard__interp-primary-1__trait-fallacy_trait__straw_man__A-baseline__B-active__order-gt_first__rollout-1__run_20260807T214306Z_0e42495d_dialogue
9,09.json,our-quarterback-is-missing__family-standard__interp-primary-2__trait-fallacy_trait__straw_man__A-baseline__B-active__order-gt_first__rollout-6__run_20260810T205243Z_95753b5e_dialogue
10,10.json,our-quarterback-is-missing__family-standard__interp-primary-1__trait-pro_jargon_bias__A-active__B-baseline__order-gt_first__rollout-4__run_20260808T021439Z_5c81c99b_dialogue
11,11.json,our-quarterback-is-missing__family-standard__interp-primary-2__trait-pro_jargon_bias__A-active__B-baseline__order-gt_first__rollout-1__run_20260807T213900Z_7f0981b1_dialogue
12,12.json,our-quarterback-is-missing__family-standard__interp-primary-1__trait-pro_jargon_bias__A-baseline__B-active__order-gt_first__rollout-1__run_20260807T213909Z_0e6b4104_dialogue
13,13.json,our-quarterback-is-missing__family-standard__interp-primary-2__trait-pro_jargon_bias__A-baseline__B-active__order-gt_first__rollout-1__run_20260807T213922Z_1a14af86_dialogue
14,14.json,our-quarterback-is-missing__family-verbosity__interp-primary-1__additional-1__trait-verbosity_bias__A-active__B-baseline__order-gt_first__rollout-1__run_20260807T211825Z_12509f5f_dialogue
15,15.json,our-quarterback-is-missing__family-verbosity__interp-primary-2__additional-1__trait-verbosity_bias__A-active__B-baseline__order-gt_first__rollout-1__run_20260807T211901Z_4940b6a8_dialogue
16,16.json,our-quarterback-is-missing__family-verbosity__interp-primary-1__additional-1__trait-verbosity_bias__A-baseline__B-active__order-gt_first__rollout-1__run_20260807T211947Z_86e9a3cf_dialogue
17,17.json,our-quarterback-is-missing__family-verbosity__interp-primary-2__additional-1__trait-verbosity_bias__A-baseline__B-active__order-gt_first__rollout-1__run_20260807T212021Z_3c263310_dialogue
18,18.json,the-diamond-necklace__family-standard__interp-primary-1__trait-N_A__A-baseline__B-baseline__order-gt_first__rollout-1__run_20260807T215101Z_02500e92_dialogue
19,19.json,the-diamond-necklace__family-standard__interp-primary-1__trait-anchoring_bias__A-active__B-baseline__order-gt_first__rollout-2__run_20260808T225421Z_21528233_dialogue
20,20.json,the-diamond-necklace__family-standard__interp-primary-2__trait-anchoring_bias__A-active__B-baseline__order-gt_first__rollout-3__run_20260808T230652Z_d8c0b670_dialogue
21,21.json,the-diamond-necklace__family-standard__interp-primary-1__trait-anchoring_bias__A-baseline__B-active__order-gt_first__rollout-2__run_20260811T024413Z_a53f9490_dialogue
22,22.json,the-diamond-necklace__family-standard__interp-primary-2__trait-anchoring_bias__A-baseline__B-active__order-gt_first__rollout-1__run_20260811T024432Z_9896a040_dialogue
23,23.json,the-diamond-necklace__family-standard__interp-primary-1__trait-fallacy_trait__post_hoc_ergo_propter_hoc__A-active__B-baseline__order-gt_first__rollout-5__run_20260808T022033Z_715bb12f_dialogue
24,24.json,the-diamond-necklace__family-standard__interp-primary-2__trait-fallacy_trait__post_hoc_ergo_propter_hoc__A-active__B-baseline__order-gt_first__rollout-3__run_20260808T022042Z_6db3238f_dialogue
25,25.json,the-diamond-necklace__family-standard__interp-primary-1__trait-fallacy_trait__post_hoc_ergo_propter_hoc__A-baseline__B-active__order-gt_first__rollout-8__run_20260810T205801Z_876585f9_dialogue
26,26.json,the-diamond-necklace__family-standard__interp-primary-2__trait-fallacy_trait__post_hoc_ergo_propter_hoc__A-baseline__B-active__order-gt_first__rollout-1__run_20260807T215727Z_1a041ee9_dialogue
27,27.json,the-diamond-necklace__family-standard__interp-primary-1__trait-pro_jargon_bias__A-active__B-baseline__order-gt_first__rollout-8__run_20260808T033810Z_ef8e40dc_dialogue
28,28.json,the-diamond-necklace__family-standard__interp-primary-2__trait-pro_jargon_bias__A-active__B-baseline__order-gt_first__rollout-24__run_20260808T040409Z_346f3e10_dialogue
29,29.json,the-diamond-necklace__family-standard__interp-primary-1__trait-pro_jargon_bias__A-baseline__B-active__order-gt_first__rollout-1__run_20260807T215240Z_6e71269c_dialogue
30,30.json,the-diamond-necklace__family-standard__interp-primary-2__trait-pro_jargon_bias__A-baseline__B-active__order-gt_first__rollout-1__run_20260807T215250Z_8501b20d_dialogue
31,31.json,the-diamond-necklace__family-verbosity__interp-primary-1__additional-1__trait-verbosity_bias__A-active__B-baseline__order-gt_first__rollout-1__run_20260807T215119Z_c8d03980_dialogue
32,32.json,the-diamond-necklace__family-verbosity__interp-primary-2__additional-1__trait-verbosity_bias__A-active__B-baseline__order-gt_first__rollout-1__run_20260807T215132Z_e0abd9d4_dialogue
33,33.json,the-diamond-necklace__family-verbosity__interp-primary-1__additional-1__trait-verbosity_bias__A-baseline__B-active__order-gt_first__rollout-1__run_20260807T215147Z_b80a20fc_dialogue
34,34.json,the-diamond-necklace__family-verbosity__interp-primary-2__additional-1__trait-verbosity_bias__A-baseline__B-active__order-gt_first__rollout-1__run_20260807T215204Z_414b5c32_dialogue
35,35.json,the-missing-briefcase__family-standard__interp-primary-1__trait-N_A__A-baseline__B-baseline__order-gt_second__rollout-1__run_20260807T222205Z_6076f835_dialogue
36,36.json,the-missing-briefcase__family-standard__interp-primary-1__trait-anchoring_bias__A-active__B-baseline__order-gt_second__rollout-2__run_20260808T225525Z_453c974d_dialogue
37,37.json,the-missing-briefcase__family-standard__interp-primary-2__trait-anchoring_bias__A-active__B-baseline__order-gt_second__rollout-22__run_20260809T002351Z_fa016ca5_dialogue
38,38.json,the-missing-briefcase__family-standard__interp-primary-1__trait-anchoring_bias__A-baseline__B-active__order-gt_second__rollout-1__run_20260811T024448Z_fe33be3f_dialogue
39,39.json,the-missing-briefcase__family-standard__interp-primary-2__trait-anchoring_bias__A-baseline__B-active__order-gt_second__rollout-1__run_20260811T024504Z_2d57da34_dialogue
40,40.json,the-missing-briefcase__family-standard__interp-primary-1__trait-fallacy_trait__begging_the_question__A-active__B-baseline__order-gt_second__rollout-1__run_20260807T223230Z_1354a42b_dialogue
41,41.json,the-missing-briefcase__family-standard__interp-primary-2__trait-fallacy_trait__false_dilemma__A-active__B-baseline__order-gt_second__rollout-1__run_20260807T222746Z_84f9a8a2_dialogue
42,42.json,the-missing-briefcase__family-standard__interp-primary-1__trait-fallacy_trait__hasty_generalization__A-baseline__B-active__order-gt_second__rollout-1__run_20260807T222415Z_863205a9_dialogue
43,43.json,the-missing-briefcase__family-standard__interp-primary-2__trait-fallacy_trait__false_dilemma__A-baseline__B-active__order-gt_second__rollout-1__run_20260807T222731Z_a70270ba_dialogue
44,44.json,the-missing-briefcase__family-standard__interp-primary-1__trait-pro_jargon_bias__A-active__B-baseline__order-gt_second__rollout-1__run_20260807T222353Z_0d97ca8a_dialogue
45,45.json,the-missing-briefcase__family-standard__interp-primary-2__trait-pro_jargon_bias__A-active__B-baseline__order-gt_second__rollout-2__run_20260808T022524Z_fbf5002b_dialogue
46,46.json,the-missing-briefcase__family-standard__interp-primary-1__trait-pro_jargon_bias__A-baseline__B-active__order-gt_second__rollout-1__run_20260807T222324Z_6e921361_dialogue
47,47.json,the-missing-briefcase__family-standard__interp-primary-2__trait-pro_jargon_bias__A-baseline__B-active__order-gt_second__rollout-1__run_20260807T222324Z_5c3ad503_dialogue
48,48.json,the-missing-briefcase__family-verbosity__interp-primary-1__additional-1__trait-verbosity_bias__A-active__B-baseline__order-gt_second__rollout-5__run_20260810T205950Z_c2b770cf_dialogue
49,49.json,the-missing-briefcase__family-verbosity__interp-primary-2__additional-1__trait-verbosity_bias__A-active__B-baseline__order-gt_second__rollout-1__run_20260807T222303Z_2a6fff82_dialogue
50,50.json,the-missing-briefcase__family-verbosity__interp-primary-1__additional-1__trait-verbosity_bias__A-baseline__B-active__order-gt_second__rollout-1__run_20260807T222232Z_813a3845_dialogue
51,51.json,the-missing-briefcase__family-verbosity__interp-primary-2__additional-1__trait-verbosity_bias__A-baseline__B-active__order-gt_second__rollout-1__run_20260807T222232Z_bf72cc22_dialogue
52,52.json,the-mystery-of-the-leprechaun-s-trophy__family-standard__interp-primary-1__trait-N_A__A-baseline__B-baseline__order-gt_second__rollout-1__run_20260807T220314Z_a02857f0_dialogue
53,53.json,the-mystery-of-the-leprechaun-s-trophy__family-standard__interp-primary-1__trait-anchoring_bias__A-active__B-baseline__order-gt_second__rollout-1__run_20260808T221834Z_09cf277a_dialogue
54,54.json,the-mystery-of-the-leprechaun-s-trophy__family-standard__interp-primary-2__trait-anchoring_bias__A-active__B-baseline__order-gt_second__rollout-1__run_20260808T221849Z_6929d6c9_dialogue
55,55.json,the-mystery-of-the-leprechaun-s-trophy__family-standard__interp-primary-1__trait-anchoring_bias__A-baseline__B-active__order-gt_second__rollout-10__run_20260811T025109Z_7833a98f_dialogue
56,56.json,the-mystery-of-the-leprechaun-s-trophy__family-standard__interp-primary-2__trait-anchoring_bias__A-baseline__B-active__order-gt_second__rollout-1__run_20260811T025200Z_e3ff035a_dialogue
57,57.json,the-mystery-of-the-leprechaun-s-trophy__family-standard__interp-primary-1__trait-fallacy_trait__moral_equivalence__A-active__B-baseline__order-gt_second__rollout-1__run_20260807T222008Z_c0280679_dialogue
58,58.json,the-mystery-of-the-leprechaun-s-trophy__family-standard__interp-primary-2__trait-fallacy_trait__genetic_fallacy__A-active__B-baseline__order-gt_second__rollout-1__run_20260807T221831Z_8efcb35a_dialogue
59,59.json,the-mystery-of-the-leprechaun-s-trophy__family-standard__interp-primary-1__trait-fallacy_trait__false_dilemma__A-baseline__B-active__order-gt_second__rollout-6__run_20260810T215940Z_0327dcbf_dialogue
60,60.json,the-mystery-of-the-leprechaun-s-trophy__family-standard__interp-primary-2__trait-fallacy_trait__straw_man__A-baseline__B-active__order-gt_second__rollout-16__run_20260811T000343Z_32bfc5aa_dialogue
61,61.json,the-mystery-of-the-leprechaun-s-trophy__family-standard__interp-primary-1__trait-pro_jargon_bias__A-active__B-baseline__order-gt_second__rollout-1__run_20260807T220515Z_2509be77_dialogue
62,62.json,the-mystery-of-the-leprechaun-s-trophy__family-standard__interp-primary-2__trait-pro_jargon_bias__A-active__B-baseline__order-gt_second__rollout-1__run_20260807T220515Z_5d11d8dc_dialogue
63,63.json,the-mystery-of-the-leprechaun-s-trophy__family-standard__interp-primary-1__trait-pro_jargon_bias__A-baseline__B-active__order-gt_second__rollout-27__run_20260811T002749Z_84941596_dialogue
64,64.json,the-mystery-of-the-leprechaun-s-trophy__family-standard__interp-primary-2__trait-pro_jargon_bias__A-baseline__B-active__order-gt_second__rollout-6__run_20260811T003155Z_61a80b0c_dialogue
65,65.json,the-mystery-of-the-leprechaun-s-trophy__family-verbosity__interp-primary-1__additional-1__trait-verbosity_bias__A-active__B-baseline__order-gt_second__rollout-1__run_20260807T220410Z_b1e8694f_dialogue
66,66.json,the-mystery-of-the-leprechaun-s-trophy__family-verbosity__interp-primary-2__additional-1__trait-verbosity_bias__A-active__B-baseline__order-gt_second__rollout-1__run_20260807T220410Z_8b479bfb_dialogue
67,67.json,the-mystery-of-the-leprechaun-s-trophy__family-verbosity__interp-primary-1__additional-1__trait-verbosity_bias__A-baseline__B-active__order-gt_second__rollout-1__run_20260807T220342Z_d5ba0a51_dialogue
68,68.json,the-mystery-of-the-leprechaun-s-trophy__family-verbosity__interp-primary-2__additional-1__trait-verbosity_bias__A-baseline__B-active__order-gt_second__rollout-1__run_20260807T220342Z_1bacb76c_dialogue
